outcome,honey_stores_kg,autumn_hive_mass_kg,varroa_mite_index,forager_traffic_per_min,brood_frames,daily_temp_swing_c,queen_age_years,insulation_thickness_mm,hive_age_years,distance_to_water_m,ambient_noise_db,apiary_elevation_m
struggles,10.36,27.04,3.36,31.1,7.72,16.36,2.58,20.01,8.71,328.11,50.28,633.11
thrives,21.49,35.18,2.08,44.77,9.38,8.71,0.45,12.79,3.11,127.45,41.61,359.0
thrives,20.21,35.04,1.5,31.26,6.31,6.39,0.81,22.91,6.03,105.4,48.23,519.32
struggles,11.24,29.09,2.67,31.64,5.14,9.66,3.04,21.81,2.53,363.28,49.72,333.49
thrives,20.09,34.33,1.56,46.03,8.6,9.68,2.12,21.83,4.46,380.09,51.59,341.87
thrives,15.57,30.78,3.5,38.1,5.87,12.41,1.65,20.21,6.11,324.83,53.83,295.77
thrives,9.83,28.5,2.82,30.55,5.86,9.57,3.15,13.12,5.0,236.41,49.44,462.9
thrives,21.3,37.7,0.48,49.61,10.23,8.37,0.51,28.45,7.17,217.94,48.71,357.53
thrives,10.51,25.27,2.5,37.12,5.97,9.45,3.46,25.53,7.94,196.86,36.35,369.2
thrives,13.01,27.93,3.45,29.13,6.88,14.24,2.86,22.35,4.99,249.46,47.69,440.08
thrives,14.73,30.62,3.68,36.45,6.04,9.07,2.24,26.5,7.0,257.61,49.44,510.5
thrives,16.33,30.91,1.54,36.89,7.69,5.24,2.59,20.42,2.88,260.71,46.08,543.75
thrives,15.72,29.81,3.02,36.91,6.6,7.91,2.48,27.28,10.11,205.67,34.82,440.59
thrives,14.0,31.73,1.46,46.35,8.01,7.88,1.95,36.76,1.13,211.51,42.97,306.27
struggles,8.16,25.51,4.51,18.05,7.06,15.42,3.14,32.43,9.45,386.63,43.48,629.27
struggles,11.77,26.21,3.83,31.19,4.98,11.0,1.85,20.86,3.51,181.05,62.33,482.94
thrives,16.67,30.85,0.61,38.83,6.4,9.09,1.49,16.41,2.49,255.95,31.31,415.21
thrives,17.62,31.72,1.57,44.81,5.84,8.26,0.8,16.88,6.84,407.79,43.53,347.66
struggles,11.86,29.39,4.41,33.8,3.33,11.64,2.07,23.09,4.58,100.01,39.31,642.94
thrives,17.65,33.96,1.06,40.0,7.32,7.08,2.62,27.63,4.4,20.0,58.38,373.89
struggles,8.1,25.13,4.39,31.57,5.45,9.44,3.24,25.82,4.24,140.54,51.48,232.09
thrives,18.52,32.84,1.77,40.01,8.46,3.4,2.92,17.47,4.73,107.82,43.45,465.78
thrives,22.1,36.0,0.82,47.23,7.59,7.14,2.55,11.29,0.2,298.71,58.16,396.63
thrives,16.24,33.11,2.11,45.56,7.19,9.3,1.13,16.82,6.47,204.9,48.22,441.05
thrives,13.79,30.18,0.84,39.58,7.08,8.27,1.66,29.28,6.47,271.64,52.46,423.84
thrives,22.5,36.34,0.0,46.02,8.15,4.98,0.67,20.52,7.96,306.1,60.82,350.13
thrives,12.22,25.46,3.5,34.02,4.39,11.12,2.65,21.79,7.23,335.82,55.12,309.09
thrives,23.93,40.22,0.22,51.64,7.53,7.58,0.1,10.66,5.27,135.25,47.58,433.01
thrives,19.03,32.38,1.03,44.41,9.96,10.0,0.1,6.7,9.01,210.86,51.78,510.32
struggles,15.85,31.25,3.33,28.59,4.9,8.2,2.3,17.97,2.77,324.79,44.25,353.49
struggles,13.75,28.51,2.27,35.03,6.32,9.67,0.68,9.55,5.97,346.2,37.91,414.97
struggles,12.69,27.54,2.34,35.98,6.89,7.71,0.49,20.73,6.5,118.91,58.28,391.82
struggles,13.54,32.16,3.7,40.51,5.14,9.6,1.12,23.92,5.73,330.91,60.44,327.84
struggles,7.96,26.13,1.63,34.25,5.94,8.33,2.98,31.89,1.85,158.12,56.43,494.68
struggles,14.4,30.72,2.49,27.61,6.57,6.46,2.91,19.91,2.61,368.48,37.54,440.09
struggles,9.73,26.6,4.42,25.25,4.84,11.61,2.42,25.19,8.86,140.96,37.32,494.13
struggles,15.52,31.8,3.03,37.06,5.88,7.9,1.86,20.79,3.07,127.59,54.29,442.83
struggles,16.55,31.67,2.07,33.43,7.7,11.99,1.43,26.65,2.47,308.13,37.03,401.88
struggles,5.91,23.77,4.35,17.11,3.56,11.97,3.14,17.5,5.25,185.23,39.9,356.57
struggles,6.52,23.53,3.49,21.63,2.6,9.32,2.97,19.76,7.31,214.94,36.23,549.87
thrives,21.56,37.45,0.87,48.79,8.55,7.21,0.39,28.19,3.92,196.92,41.59,353.63
thrives,12.32,29.27,0.55,39.1,7.66,11.35,3.62,31.7,7.35,329.35,45.4,214.27
thrives,15.45,30.09,1.16,33.06,7.35,8.42,1.25,18.59,6.04,280.62,50.35,424.66
struggles,5.38,23.4,4.54,20.9,5.88,11.03,3.04,16.92,2.03,231.7,34.0,368.06
thrives,17.32,31.63,2.52,43.66,9.51,8.03,1.1,25.89,7.81,263.85,50.69,410.8
struggles,11.65,25.88,2.94,31.45,6.36,9.2,1.58,32.09,6.26,172.69,51.43,502.67
thrives,12.69,29.73,2.4,24.39,6.59,9.11,1.31,14.44,8.96,335.12,47.82,397.0
thrives,18.41,33.22,2.38,25.38,7.62,7.5,2.35,15.44,5.8,139.94,47.19,639.34
thrives,22.61,36.92,1.24,43.54,10.25,8.32,2.52,23.01,0.2,216.15,54.25,624.72
thrives,19.02,35.13,1.37,47.31,8.06,6.69,0.41,26.99,1.57,164.86,51.11,563.15
thrives,10.34,28.31,2.92,47.13,8.24,11.98,2.57,28.55,8.74,185.96,37.68,380.45
thrives,12.05,26.43,3.82,33.73,5.18,9.69,2.5,29.57,8.23,245.59,46.98,429.58
struggles,13.06,29.07,1.12,29.14,6.08,8.27,1.04,24.85,5.81,179.54,44.83,523.38
thrives,14.48,28.29,0.72,35.93,7.75,8.82,1.3,22.14,2.69,233.83,43.24,340.01
thrives,18.92,33.01,0.92,44.08,7.32,5.27,1.62,21.87,5.21,402.75,51.2,395.91
struggles,12.05,29.01,2.67,30.58,8.01,8.53,1.99,21.68,4.37,240.87,30.57,436.11
struggles,13.72,28.96,2.11,30.21,4.68,8.32,1.66,24.39,4.14,383.39,40.14,349.02
struggles,13.17,31.67,1.93,35.71,3.82,9.82,3.19,10.34,5.17,327.26,53.64,410.92
struggles,17.12,33.03,0.95,43.21,7.74,6.7,0.1,12.85,5.51,431.7,35.09,187.13
thrives,18.57,35.19,2.87,50.79,7.47,6.4,2.33,23.84,12.92,267.05,37.73,483.05
thrives,16.83,32.79,2.46,41.47,7.93,11.36,2.08,22.54,9.92,284.58,43.9,400.3
thrives,12.57,27.56,4.16,18.71,6.02,9.82,2.38,13.95,1.67,328.66,42.06,335.84
thrives,21.08,37.58,2.55,46.96,7.39,6.42,0.17,31.32,3.1,101.84,36.37,355.69
struggles,3.71,20.49,4.47,27.43,4.3,17.55,2.46,5.72,0.2,304.6,60.17,366.9
thrives,14.24,28.47,1.99,32.8,5.84,6.0,0.67,24.41,5.02,217.28,37.3,460.28
struggles,9.56,23.99,3.85,21.44,5.88,10.68,1.95,31.54,2.26,320.54,51.64,427.85
thrives,21.88,36.62,1.35,37.52,9.5,7.65,0.59,24.18,4.82,228.2,33.65,356.43
thrives,14.46,30.78,3.5,33.44,7.27,11.88,1.56,14.19,1.93,302.47,39.53,633.25
thrives,16.6,31.62,1.99,35.07,6.92,5.1,2.36,21.24,4.61,326.55,44.81,318.3
thrives,15.69,28.71,2.3,31.0,8.29,10.81,0.28,16.07,5.48,193.82,48.81,596.14
thrives,14.68,29.92,1.68,41.83,8.22,4.01,1.08,19.49,4.32,245.25,56.54,556.96
thrives,21.04,38.79,0.0,45.07,8.84,9.1,0.98,31.92,4.01,233.13,45.84,265.87
struggles,4.1,21.85,5.26,18.12,5.04,11.36,2.55,21.77,5.0,146.37,51.68,414.78
thrives,18.78,34.37,0.0,50.37,8.59,6.71,2.17,30.68,5.52,273.81,50.25,466.7
struggles,12.55,30.07,3.68,29.11,6.38,9.48,2.02,15.43,7.53,110.88,42.13,391.02
struggles,2.58,19.48,6.82,17.5,0.94,12.92,3.41,25.46,4.12,258.87,44.7,373.86
struggles,14.02,27.72,1.54,34.3,6.32,8.46,2.01,32.83,3.0,189.38,39.68,342.7
thrives,16.07,31.25,2.05,45.95,7.74,11.44,1.68,27.07,3.86,296.91,45.29,528.6
struggles,4.84,20.25,5.62,21.74,1.94,10.73,2.57,21.08,5.09,303.74,38.82,183.83
struggles,9.87,25.84,2.91,25.75,3.64,11.39,2.96,12.25,5.02,276.56,55.83,521.93
struggles,10.43,24.91,4.34,21.7,5.24,14.45,2.19,15.11,7.64,241.01,43.7,500.04
struggles,7.65,23.15,4.84,22.99,2.9,7.3,1.95,30.4,5.59,196.02,38.68,371.25
thrives,17.3,32.55,2.12,31.9,6.75,10.43,2.72,20.63,3.61,233.98,21.26,361.7
struggles,10.42,26.85,3.25,20.9,3.75,6.92,3.45,26.38,2.31,229.43,51.98,376.86
thrives,16.55,32.63,2.81,41.32,6.29,8.08,0.89,12.8,1.7,357.32,54.72,373.84
thrives,13.61,28.5,3.08,33.22,4.98,11.31,2.76,30.96,0.88,436.6,39.45,331.57
thrives,16.64,29.64,1.11,39.19,9.03,4.61,0.94,32.84,2.05,253.51,36.19,411.0
struggles,16.78,30.72,2.67,35.74,5.61,7.96,0.32,18.4,5.48,183.09,45.95,309.19
struggles,13.96,29.49,4.66,27.73,5.11,8.99,2.54,22.05,3.64,269.31,38.49,290.52
thrives,15.96,32.81,2.27,44.66,7.17,8.23,0.1,24.37,6.67,148.65,52.49,459.61
thrives,20.35,36.84,0.18,52.4,9.65,7.98,1.33,30.53,8.88,319.16,48.96,325.97
thrives,16.54,33.29,1.86,41.97,7.75,7.92,1.28,17.04,5.19,300.89,37.1,436.5
struggles,11.87,27.6,5.1,27.06,5.78,6.15,0.61,17.62,4.94,152.64,58.72,239.98
thrives,17.26,32.59,1.17,44.95,7.47,5.47,2.55,23.32,3.84,385.67,42.89,517.61
struggles,9.8,24.64,4.53,27.42,3.2,9.85,0.79,22.14,3.46,266.75,34.93,334.42
struggles,15.19,29.52,3.03,37.59,6.19,8.01,1.78,11.71,7.58,312.31,31.02,227.92
struggles,10.13,25.88,4.52,20.14,5.66,8.88,2.08,24.46,4.49,109.87,39.18,540.4
thrives,15.49,30.65,2.54,32.32,7.22,9.58,3.27,20.29,3.63,451.48,50.04,403.72
struggles,11.36,26.85,2.85,29.11,5.07,13.26,1.52,13.8,5.6,353.08,40.46,332.89
struggles,21.34,37.37,1.28,41.28,9.0,9.73,0.1,28.34,2.6,188.17,46.69,433.8
thrives,24.3,40.15,0.98,47.3,11.03,10.07,1.12,16.59,6.11,369.63,35.29,602.29
struggles,11.8,27.06,2.06,31.17,7.75,10.03,1.91,18.63,3.83,270.49,54.45,390.09
thrives,17.29,32.19,1.54,41.39,6.96,6.73,1.26,16.24,6.6,228.74,43.92,393.36
struggles,14.52,28.14,2.83,39.23,6.43,12.34,1.52,25.45,4.22,311.73,45.3,364.0
thrives,16.53,32.6,2.95,33.03,6.92,9.83,1.51,30.2,4.21,503.1,43.95,401.9
struggles,11.16,27.78,3.02,43.14,7.0,6.89,1.47,28.2,6.22,127.31,47.12,453.26
thrives,16.02,32.07,1.86,40.16,7.68,6.34,1.47,22.94,7.09,293.62,45.86,448.33
thrives,18.87,31.74,0.9,51.07,7.68,7.92,1.11,35.75,7.68,289.44,41.35,494.41
thrives,13.58,29.91,4.02,32.19,7.37,9.44,1.06,17.21,6.38,198.21,55.0,343.52
thrives,14.92,31.57,3.02,30.66,4.83,11.3,2.61,20.81,5.9,80.13,53.5,278.28
struggles,9.99,26.1,2.56,28.81,4.5,11.11,3.75,24.23,5.69,110.85,40.71,400.22
thrives,11.59,24.93,2.71,32.58,7.37,11.3,1.16,18.72,4.92,284.2,50.8,356.18
struggles,18.95,32.83,1.58,39.67,8.74,5.91,0.48,22.86,4.49,319.04,41.54,352.78
thrives,17.71,32.64,1.26,39.97,8.14,8.01,1.44,22.91,2.37,360.01,49.39,609.21
thrives,18.76,32.55,1.29,42.48,8.01,7.91,1.93,14.76,2.58,224.22,48.02,382.98
thrives,17.3,34.67,2.28,41.74,7.81,7.17,2.07,21.41,2.1,339.11,60.46,453.29
thrives,17.62,33.38,2.39,45.07,9.84,7.5,0.5,22.4,7.36,298.6,59.26,396.53
struggles,7.12,22.5,5.92,26.31,5.36,13.76,2.2,10.86,7.81,327.16,65.98,609.81
struggles,7.38,24.05,4.27,23.47,2.71,10.22,2.03,13.34,2.16,148.19,62.07,277.79
struggles,13.12,29.16,2.72,33.32,6.01,11.24,1.4,13.54,4.15,173.14,48.04,241.37
struggles,10.19,26.99,4.42,17.25,4.27,10.95,2.04,13.52,2.02,200.18,37.46,591.85
struggles,13.35,32.27,2.88,29.74,5.31,12.1,1.43,16.02,6.38,334.03,42.9,405.84
struggles,10.7,27.03,3.24,25.72,6.69,10.21,1.61,17.57,3.8,366.47,47.79,419.61
thrives,16.29,32.89,3.46,33.94,6.5,8.98,2.61,23.5,5.32,264.82,44.97,421.96
thrives,22.48,36.94,1.5,53.11,10.38,9.26,0.95,25.93,7.56,356.4,40.59,419.54
struggles,9.62,26.37,3.75,16.33,5.12,9.49,0.99,22.2,3.98,211.27,48.35,337.08
thrives,15.4,31.84,1.2,46.47,7.09,8.46,1.77,21.35,4.02,318.93,57.45,556.67
thrives,18.98,32.33,1.0,33.01,7.72,7.25,0.68,16.36,5.48,387.98,57.93,314.54
thrives,19.58,36.66,0.49,39.99,7.93,8.53,1.74,16.73,3.18,191.36,41.12,208.8
thrives,16.17,32.54,1.96,43.39,6.94,7.52,3.72,22.59,2.4,323.16,57.06,238.17
struggles,13.25,29.65,2.72,40.69,6.64,11.5,2.19,30.32,6.26,379.73,48.51,356.37
struggles,16.89,31.56,1.34,42.38,6.54,8.4,0.7,20.07,3.94,174.78,51.27,654.02
thrives,21.95,33.51,0.0,54.33,10.65,5.88,1.15,27.45,7.89,183.9,44.22,290.94
thrives,13.27,29.17,1.1,36.1,7.39,8.82,2.84,25.64,6.32,272.39,43.58,435.08
struggles,1.99,17.18,5.2,8.84,2.16,11.56,2.7,19.84,2.13,311.92,43.65,495.18
thrives,20.51,34.49,0.0,40.13,9.76,6.94,2.82,27.07,7.48,282.78,52.82,442.82
struggles,7.65,23.99,3.57,17.13,6.12,11.05,2.92,16.75,4.99,373.28,47.43,399.93
struggles,7.36,23.77,4.37,15.95,3.89,15.58,1.85,30.13,5.37,271.55,49.8,369.2
struggles,14.51,30.28,2.71,31.69,8.69,8.52,2.64,22.85,3.41,309.76,38.49,541.42
thrives,17.88,31.66,0.75,31.16,7.39,10.33,3.66,25.11,3.01,344.89,44.13,355.5
thrives,18.94,35.06,0.46,50.98,8.47,8.65,0.39,22.47,5.25,192.62,74.62,531.16
struggles,15.6,29.82,2.43,35.44,6.96,6.67,1.71,27.65,6.01,374.29,47.07,331.09
struggles,8.17,24.25,4.78,27.86,3.9,11.19,2.84,15.23,6.58,161.18,51.75,479.41
thrives,14.24,30.62,1.52,34.19,6.93,4.41,3.17,10.79,1.66,452.25,48.51,390.12
thrives,9.68,25.55,2.02,43.07,6.71,12.05,1.86,12.98,4.74,152.44,44.08,516.94
thrives,11.56,26.3,2.94,31.61,5.09,8.91,1.71,12.9,3.22,371.87,52.49,238.15
thrives,17.24,33.63,1.16,40.74,6.99,6.28,1.25,23.63,8.27,306.6,39.56,580.28
thrives,12.46,27.4,4.03,27.01,6.05,9.81,2.79,19.59,7.48,49.69,55.7,283.6
thrives,13.7,29.24,3.75,35.24,6.88,13.86,1.21,13.25,7.94,306.59,59.58,367.11
struggles,13.38,29.02,2.53,39.58,5.08,9.63,1.96,24.07,1.76,241.4,33.47,287.72
struggles,9.68,24.43,2.66,18.74,6.32,8.78,2.51,21.51,5.22,304.12,59.39,329.78
struggles,6.16,22.39,4.56,20.44,4.13,11.37,2.62,14.66,5.79,293.44,45.11,424.43
thrives,13.91,27.83,1.81,32.79,8.95,8.05,1.19,22.73,8.82,223.35,46.49,453.0
thrives,17.19,32.07,2.06,33.62,7.43,4.04,1.45,19.44,5.57,237.35,52.95,430.01
thrives,16.65,30.75,2.37,37.77,6.67,7.82,1.98,15.66,3.58,122.51,55.89,446.46
struggles,14.26,26.61,3.25,25.62,4.51,7.63,2.84,9.49,3.31,198.25,45.87,332.27
thrives,18.56,33.18,1.6,35.56,7.34,9.35,0.1,21.69,7.2,273.27,47.01,452.04
struggles,13.02,26.97,3.39,33.09,8.57,10.67,1.57,22.86,5.79,349.1,61.01,409.53
thrives,11.39,26.77,2.42,30.29,6.73,12.2,3.09,40.74,4.51,159.56,60.18,392.25
thrives,15.75,32.43,1.44,61.65,9.04,4.93,1.8,19.87,5.29,87.32,51.05,301.06
thrives,19.36,34.37,0.76,42.1,6.84,6.84,2.6,29.31,0.2,362.6,44.21,499.82
thrives,14.51,28.04,2.27,32.74,7.71,10.15,2.11,22.15,5.71,182.21,56.11,274.64
thrives,13.74,29.86,2.7,32.4,6.53,12.21,1.68,19.13,8.04,268.08,49.55,486.82
struggles,5.87,24.01,3.66,17.96,6.82,9.77,0.53,4.0,1.34,291.26,33.21,454.23
thrives,22.26,36.52,1.21,43.19,7.72,7.02,0.87,29.13,3.01,174.07,36.7,308.71
struggles,9.12,25.97,1.76,25.43,4.82,11.95,2.06,14.62,4.76,159.75,44.99,434.79
thrives,19.43,34.33,0.46,43.46,10.0,8.45,1.79,14.13,7.35,301.23,49.23,355.11
thrives,12.92,29.04,2.22,37.92,7.6,7.73,1.6,16.33,8.69,268.55,48.95,514.84
thrives,20.01,33.04,1.28,42.62,7.28,6.51,1.97,8.72,5.27,122.53,39.74,394.04
thrives,18.06,34.22,2.45,31.57,7.1,9.21,1.02,24.93,3.0,203.92,36.04,340.62
struggles,10.24,25.06,3.32,26.98,5.4,9.6,2.28,18.34,7.65,156.99,41.79,420.18
struggles,15.74,33.69,1.61,51.23,6.3,9.7,3.88,23.65,5.5,317.26,47.9,468.49
thrives,18.52,31.17,0.0,48.86,9.44,2.83,1.04,25.03,8.38,217.35,48.16,329.08
thrives,15.93,29.79,0.08,29.12,6.66,9.26,2.91,21.32,8.16,309.25,44.16,445.06
struggles,2.81,20.8,6.46,11.93,2.46,8.93,4.58,15.66,3.88,285.0,45.18,402.88
thrives,17.75,34.93,2.1,36.06,7.68,7.15,1.27,13.83,4.02,242.04,59.46,370.46
struggles,12.65,26.83,3.33,24.14,5.26,10.86,2.67,20.51,0.72,158.07,44.96,497.93
thrives,16.46,29.24,0.06,38.98,7.43,4.17,1.58,22.14,5.98,295.47,43.66,471.11
thrives,11.83,27.06,3.16,29.42,4.79,9.47,2.64,37.37,0.69,223.31,52.26,474.09
struggles,11.45,25.74,3.56,30.08,3.07,9.17,2.74,22.64,6.15,183.1,48.29,403.0
struggles,16.13,33.15,3.75,28.11,6.26,8.35,2.84,14.11,9.95,530.94,50.89,621.38
struggles,9.53,27.54,2.53,31.1,6.34,9.08,5.24,28.18,8.84,130.49,41.99,734.9
thrives,15.43,31.58,2.69,40.61,6.43,9.75,2.53,20.41,3.26,176.35,34.16,484.01
thrives,20.27,33.62,0.68,40.21,8.55,4.91,2.34,21.91,6.81,236.58,52.96,370.9
thrives,21.91,38.8,0.81,50.64,9.18,9.93,0.1,15.32,2.27,236.6,45.55,553.36
struggles,4.83,21.74,3.81,21.44,5.27,9.82,1.16,26.26,3.95,216.09,41.59,531.25
thrives,21.22,37.97,0.02,45.45,10.08,6.82,0.82,5.34,8.17,301.46,48.82,258.18
thrives,14.33,27.83,2.06,42.5,7.56,9.8,1.52,28.15,5.38,121.62,36.39,364.74
thrives,15.09,32.1,2.89,32.75,6.51,7.65,1.49,8.63,6.44,197.21,37.88,341.21
thrives,16.96,30.65,1.74,39.0,7.65,7.34,2.0,17.72,4.66,307.61,49.4,367.33
thrives,15.07,30.64,4.47,31.34,5.64,6.83,1.22,26.52,1.38,121.38,37.62,342.13
thrives,20.61,36.32,1.29,44.16,8.05,4.45,1.79,19.15,4.88,138.13,54.75,301.25
struggles,12.74,29.26,4.32,29.2,6.37,8.76,1.07,17.81,3.78,259.88,52.57,532.41
thrives,18.39,31.62,1.04,52.23,7.44,6.6,2.67,10.17,8.31,244.77,43.63,320.33
struggles,17.26,32.12,0.63,45.02,6.88,9.59,1.53,16.26,5.31,300.45,46.7,241.07
thrives,16.69,31.19,2.42,37.72,7.71,8.68,1.1,11.81,4.42,238.54,46.78,448.0
thrives,12.56,27.77,3.22,34.6,7.17,8.01,2.8,21.93,6.06,238.45,48.72,431.98
thrives,11.41,27.14,2.85,35.27,5.26,8.81,1.47,21.87,0.2,162.44,36.72,303.36
thrives,21.64,37.22,0.0,50.44,8.62,5.01,1.79,10.9,4.42,196.0,44.72,369.64
thrives,17.65,34.74,2.64,33.57,9.16,7.91,1.22,9.3,2.61,275.4,39.75,278.27
thrives,21.03,36.21,0.03,53.52,10.34,11.56,0.62,25.48,2.87,263.99,47.13,400.2
thrives,21.39,34.18,0.07,48.57,6.33,7.48,0.73,24.01,3.79,238.85,42.27,404.28
thrives,16.29,31.24,2.21,43.97,8.32,5.41,1.63,28.59,0.2,447.71,33.86,538.71
thrives,17.99,34.22,1.85,35.43,6.81,7.65,2.55,22.35,4.27,179.59,41.74,308.95
struggles,9.48,27.53,4.26,22.07,4.75,9.16,2.13,36.08,5.96,217.65,32.81,323.39
struggles,15.6,32.97,2.13,42.79,6.65,9.02,0.32,20.77,7.64,345.34,37.06,268.67
thrives,16.32,31.71,1.22,46.7,7.69,7.84,1.72,27.64,6.29,336.69,42.92,465.57
thrives,10.55,28.14,3.56,28.85,6.04,10.03,1.76,12.72,5.25,155.99,52.92,280.73
thrives,17.78,32.19,1.58,41.92,5.8,8.13,0.79,22.68,2.99,280.75,45.01,325.06
struggles,10.15,23.67,3.26,24.59,6.23,12.71,3.73,18.13,6.56,296.64,51.96,544.81
thrives,15.85,31.42,1.96,39.95,8.02,11.49,0.84,28.1,4.1,300.59,56.43,320.61
thrives,15.83,32.1,1.53,47.78,7.67,8.5,2.1,30.2,7.59,334.41,47.87,504.14
thrives,16.98,31.0,2.25,27.35,7.12,5.47,2.13,18.9,2.34,220.27,44.48,449.59
thrives,13.03,27.85,4.34,30.44,4.07,9.74,1.21,18.76,1.76,439.64,47.72,310.13
thrives,20.89,37.01,1.23,48.48,7.81,6.34,2.01,28.83,7.28,302.0,44.15,404.45
thrives,15.76,32.07,1.61,34.31,6.38,9.4,2.6,22.16,4.98,294.48,23.27,490.83
struggles,10.64,25.43,3.44,20.16,4.85,13.08,0.62,19.13,6.84,242.57,40.46,489.4
struggles,12.65,26.56,2.82,38.17,5.14,9.14,1.82,27.09,2.41,274.92,41.61,208.66
thrives,19.86,35.61,0.59,50.06,8.09,8.63,1.3,21.96,0.2,108.1,39.87,427.76
thrives,18.29,32.31,2.61,43.53,8.46,11.24,1.0,27.94,5.36,187.62,42.72,382.42
thrives,13.6,28.66,0.5,35.76,9.59,9.73,2.96,24.56,6.91,365.64,42.5,435.51
thrives,12.58,26.98,2.86,32.87,5.29,9.87,1.95,15.08,5.97,302.74,31.4,497.65
thrives,18.95,33.1,2.23,43.08,6.89,6.38,0.98,23.89,9.59,300.73,42.03,488.45
thrives,20.04,34.41,1.63,43.85,9.66,7.39,2.05,23.12,3.02,223.79,44.61,333.26
thrives,11.73,26.48,3.34,31.88,6.74,10.36,1.44,24.03,1.36,201.72,61.3,292.3
thrives,15.02,32.47,1.98,36.85,7.04,8.93,2.97,20.01,0.2,150.78,33.1,499.73
thrives,17.04,31.96,2.47,44.21,8.09,9.09,1.49,20.29,4.15,112.84,53.8,556.09
struggles,13.08,28.6,3.57,29.13,4.09,13.78,1.64,20.74,3.02,330.22,40.81,415.94
struggles,8.65,24.91,2.66,18.88,4.8,10.39,2.16,32.23,1.75,386.61,44.59,524.12
thrives,17.38,31.87,2.28,40.2,6.63,7.69,2.63,30.25,7.86,300.51,36.98,421.91
thrives,19.54,34.81,1.98,48.25,8.59,6.02,0.97,31.02,5.05,229.82,43.16,463.65
thrives,10.89,27.54,2.54,28.48,6.05,9.89,1.78,17.74,5.58,423.84,52.3,280.07
thrives,14.73,32.62,2.78,40.37,7.59,8.88,1.73,10.13,0.2,295.42,47.51,342.64
thrives,5.68,20.4,3.74,23.44,3.87,5.75,1.48,21.61,2.21,453.15,43.3,533.45
thrives,14.86,32.28,2.41,31.18,8.18,7.73,0.22,18.5,3.12,145.91,50.06,429.89
thrives,16.38,33.58,2.74,29.57,7.73,7.76,1.43,16.26,6.33,271.1,50.01,402.87
struggles,12.09,27.24,2.83,34.6,7.12,11.44,1.74,23.52,4.53,295.56,58.24,200.22
struggles,12.44,26.82,3.61,32.35,5.42,7.18,2.16,20.38,2.72,362.81,44.38,362.11
thrives,15.65,30.24,4.81,25.02,6.21,12.7,2.54,23.55,4.32,307.57,52.38,682.01
struggles,10.29,26.66,3.81,19.02,5.97,11.4,3.1,10.96,5.21,224.69,48.97,277.54
struggles,7.76,23.57,3.54,22.7,7.13,7.28,2.9,25.3,2.8,185.45,48.43,220.05
thrives,18.54,33.42,0.0,26.65,8.71,7.59,1.61,30.19,5.53,263.53,46.15,551.27
thrives,17.52,34.45,2.7,37.18,7.3,6.4,1.72,15.44,6.38,414.16,48.5,432.43
thrives,18.81,34.26,1.67,40.68,9.13,6.0,2.1,22.74,5.48,311.76,36.64,243.78
thrives,18.83,36.18,1.36,36.2,8.62,6.26,1.99,20.1,6.53,185.16,50.79,591.08
thrives,15.98,32.52,2.73,30.05,5.9,3.29,1.08,24.65,4.53,353.22,55.64,686.65
struggles,11.97,28.25,3.28,30.62,6.03,7.33,2.24,19.09,5.32,308.33,42.32,289.83
thrives,11.83,26.7,2.19,42.27,8.56,7.63,2.78,26.72,5.94,342.03,35.7,251.43
thrives,21.27,35.03,0.2,48.46,10.14,7.31,1.56,21.35,4.95,214.37,41.5,611.07
thrives,16.01,31.03,2.0,31.21,6.52,9.64,0.1,21.0,7.14,130.11,39.18,195.58
struggles,9.54,23.23,3.29,25.35,5.94,11.19,2.47,30.54,8.95,147.89,36.37,419.9
thrives,16.98,32.98,0.71,38.99,8.62,10.06,2.07,21.59,4.54,182.95,39.22,367.51
thrives,13.32,28.98,2.57,26.51,6.73,11.0,1.99,18.34,6.65,171.13,40.81,402.58
struggles,12.16,27.16,3.26,22.58,4.66,8.24,2.04,28.42,6.31,73.07,34.75,202.58
thrives,14.65,27.58,1.92,41.36,5.22,8.49,3.87,22.74,4.54,260.07,39.48,649.67
struggles,15.26,28.48,3.42,24.06,7.0,11.22,0.48,23.24,6.1,323.81,43.26,436.39
struggles,11.73,28.19,4.06,34.46,5.68,8.48,2.33,19.28,6.33,162.65,53.88,641.44
thrives,14.62,30.95,2.39,29.71,5.93,6.25,1.12,31.35,1.96,402.04,56.07,513.13
struggles,7.82,25.14,3.89,24.72,5.52,8.86,0.1,26.62,8.14,240.24,30.38,348.11
struggles,13.78,28.46,3.03,37.52,5.27,9.79,2.47,29.12,1.98,355.09,49.63,553.75
struggles,12.76,28.63,3.41,23.04,6.21,9.08,2.97,24.01,2.83,373.84,47.19,537.19
thrives,14.13,30.57,1.71,39.29,6.4,9.7,2.23,5.99,3.75,222.35,46.13,597.34
thrives,22.31,38.46,1.42,46.42,9.94,6.42,2.06,27.81,1.21,309.64,46.25,382.26
thrives,16.75,33.17,1.77,40.19,7.48,6.79,1.28,23.68,1.46,211.71,34.49,491.65
thrives,24.26,37.25,0.93,54.92,9.05,2.65,1.67,20.72,1.19,237.02,37.55,303.08
thrives,22.65,37.35,0.51,46.89,7.51,6.12,2.52,19.41,6.51,359.36,44.54,598.58
struggles,12.38,29.68,2.56,31.51,7.87,8.35,1.9,12.71,3.95,444.57,43.69,238.86
thrives,19.05,35.22,1.24,40.44,7.58,5.21,2.09,19.03,5.24,294.16,45.42,460.41
struggles,15.14,31.54,0.91,38.41,9.98,7.9,1.32,17.65,4.99,221.28,46.02,364.7
thrives,9.45,27.15,3.28,19.12,3.99,6.41,1.71,17.96,3.27,286.91,52.21,243.33
thrives,18.32,33.22,1.82,41.92,7.82,8.09,1.17,25.51,4.6,298.17,48.64,343.59
thrives,19.76,36.81,0.96,35.74,9.09,7.95,2.47,21.55,4.93,375.88,45.82,317.31
thrives,20.39,35.14,0.71,55.17,7.75,8.44,1.41,24.56,4.64,280.52,29.8,365.51
thrives,15.98,33.46,2.42,33.8,6.94,8.7,1.95,21.71,0.2,417.8,50.45,385.88
struggles,10.07,26.94,2.44,26.28,6.25,11.64,2.81,34.18,6.06,286.1,44.48,210.95
thrives,20.68,36.84,0.0,48.78,10.64,6.78,0.1,16.2,3.19,209.43,37.02,243.74
struggles,12.39,27.9,3.1,28.52,6.83,9.93,1.89,26.87,6.79,249.07,42.2,179.41
thrives,12.61,30.42,3.66,32.01,6.53,11.17,2.3,18.83,0.2,265.26,46.47,348.14
struggles,14.05,30.19,2.91,28.95,6.62,10.47,2.56,17.21,4.96,260.46,37.95,265.92
struggles,16.91,33.62,0.54,45.15,6.78,8.86,1.8,27.18,6.86,125.52,27.3,423.11
thrives,18.2,34.11,2.34,39.52,5.93,8.33,0.8,31.34,6.29,223.35,44.65,193.48
struggles,14.19,31.29,4.03,30.89,8.4,11.16,1.63,25.96,8.33,402.97,51.16,432.13
thrives,13.49,29.11,1.16,35.07,7.43,8.45,0.1,21.85,6.06,379.54,34.41,350.89
thrives,22.46,37.72,2.11,44.36,8.49,10.83,1.96,18.79,7.26,355.27,45.41,539.81
struggles,13.65,31.12,3.16,40.33,7.95,8.16,2.11,32.59,3.5,220.37,55.95,550.16
thrives,13.97,30.62,1.04,35.4,7.66,10.32,2.4,22.42,4.84,289.89,47.77,303.21
struggles,16.69,32.68,1.63,44.68,7.47,10.14,1.76,23.92,5.98,112.18,48.49,418.22
struggles,15.07,28.61,0.59,34.43,7.97,12.26,0.1,26.35,5.55,369.69,51.51,386.36
thrives,20.74,36.83,0.98,51.26,7.55,9.3,1.37,28.06,1.76,352.02,45.67,593.08
thrives,14.23,30.0,2.7,36.55,7.54,5.12,1.65,13.61,8.42,373.02,55.58,479.05
struggles,12.28,27.2,2.07,31.86,6.29,5.46,2.07,26.12,2.34,74.17,56.99,520.91
thrives,18.81,33.76,0.68,43.2,6.31,8.46,1.2,29.75,6.5,271.59,40.45,429.41
thrives,14.61,32.51,2.25,29.07,6.29,9.35,1.71,20.83,5.33,334.49,53.19,647.2
thrives,14.98,29.97,2.52,39.17,6.98,10.49,0.1,20.7,3.21,122.62,51.39,414.15
thrives,13.27,28.79,1.69,29.45,5.13,5.58,1.31,25.93,6.73,343.6,45.55,317.92
thrives,18.48,32.96,0.0,48.67,8.91,10.01,0.1,26.4,6.65,339.41,36.33,190.04
thrives,17.01,30.97,2.65,38.3,6.93,7.31,1.88,10.61,6.05,212.3,51.44,543.88
struggles,13.68,28.24,3.33,22.94,6.97,6.72,2.65,26.84,0.2,214.11,39.51,471.09
thrives,19.4,34.16,0.98,44.84,9.51,1.2,0.1,21.64,6.26,217.07,49.41,390.98
thrives,17.15,31.51,2.22,36.12,6.35,7.22,2.4,19.27,3.13,158.81,52.04,363.87
thrives,14.55,30.36,1.57,36.65,5.76,7.05,2.81,20.49,4.77,334.64,56.39,345.15
struggles,9.69,27.89,3.11,16.64,7.35,10.85,1.37,27.54,3.98,280.34,49.16,468.23
thrives,11.28,28.32,2.0,29.7,5.33,10.75,2.82,23.28,2.12,359.97,54.71,280.49
struggles,8.1,24.35,3.25,27.44,4.5,12.73,2.94,23.55,3.41,406.88,59.33,478.56
struggles,12.11,27.04,2.26,26.8,5.06,6.94,1.88,26.1,7.08,167.09,49.08,470.24
thrives,18.67,32.36,1.59,37.11,5.85,14.24,0.34,12.56,6.56,342.39,59.72,416.34
thrives,12.72,27.72,3.09,35.26,5.25,8.43,1.9,19.88,0.2,244.68,46.44,541.37
struggles,12.76,29.07,1.54,29.52,6.61,4.97,2.5,15.24,4.63,309.36,47.39,389.54
thrives,16.24,29.83,3.21,38.92,7.15,11.78,2.91,14.58,3.39,224.09,48.68,288.58
thrives,12.13,28.7,2.15,33.11,7.71,9.44,1.62,20.72,9.16,237.89,39.5,382.96
thrives,15.27,31.9,2.36,37.43,7.33,7.6,1.17,22.96,4.56,235.86,46.01,529.75
thrives,14.44,29.58,2.92,34.18,7.75,6.36,2.76,17.65,2.02,368.93,38.11,524.28
thrives,12.28,28.12,3.46,30.3,6.0,10.62,1.74,22.87,3.89,70.13,52.26,412.26
struggles,13.98,27.85,3.84,37.57,5.88,6.23,1.69,19.53,3.76,445.43,57.48,442.87
thrives,19.07,34.79,0.17,42.77,8.05,3.77,2.03,20.42,5.99,305.08,54.51,318.59
thrives,16.37,30.15,1.98,44.38,7.46,6.39,1.1,19.33,5.12,143.62,44.02,381.59
thrives,16.51,31.16,2.22,40.31,8.64,6.07,1.43,8.37,4.34,188.98,48.86,646.37
thrives,14.14,28.89,1.42,43.34,7.75,7.59,0.94,25.2,3.45,321.11,40.15,389.78
thrives,19.69,33.39,0.23,43.71,6.96,9.61,1.58,18.63,1.39,282.65,50.63,501.12
thrives,14.5,31.5,2.48,37.77,6.22,10.22,2.93,23.76,5.67,262.8,42.05,407.92
thrives,12.62,28.95,4.17,27.84,4.46,12.28,0.1,14.49,4.51,286.01,41.48,448.54
struggles,15.89,31.21,2.26,35.84,6.58,10.07,1.64,19.07,5.27,384.66,48.47,402.0
thrives,16.86,34.1,3.42,37.36,8.18,7.95,1.77,25.63,5.59,367.98,53.29,351.88
struggles,14.06,30.01,1.93,31.67,6.53,9.5,1.89,22.61,8.03,379.06,45.97,463.65
struggles,14.23,28.89,4.25,28.95,4.81,8.3,1.88,11.04,5.87,178.4,49.64,493.79
struggles,9.44,26.55,4.81,22.04,4.94,11.2,2.59,20.92,4.49,331.73,48.61,113.62
struggles,13.47,27.18,2.53,36.45,6.66,10.29,2.5,23.95,8.48,268.89,49.54,515.04
struggles,8.08,22.63,3.39,27.58,6.61,9.07,3.19,25.52,6.85,198.36,49.3,454.94
struggles,9.82,26.92,3.21,18.72,3.13,10.17,3.47,20.88,6.12,313.12,55.59,642.74
thrives,13.41,29.96,1.51,36.34,8.09,10.55,2.0,24.84,7.78,364.46,35.03,575.53
thrives,19.0,34.1,2.67,48.76,8.37,8.27,1.92,26.37,3.18,240.45,38.94,303.62
struggles,11.19,25.96,2.39,39.29,7.31,10.28,3.92,28.5,4.66,354.91,55.88,340.91
thrives,18.32,35.23,1.52,43.63,7.16,3.26,1.44,25.26,3.69,339.58,57.88,410.62
thrives,21.06,35.68,0.82,59.03,10.2,7.54,1.93,23.2,4.18,312.7,46.43,615.24
struggles,12.09,29.09,2.96,32.08,7.01,12.42,2.12,26.57,2.54,163.42,38.77,390.77
thrives,20.84,34.18,2.19,45.23,10.04,12.24,0.55,22.28,9.41,303.89,47.23,373.6
thrives,13.91,29.09,3.3,44.28,5.51,7.0,1.68,24.06,4.53,296.63,52.14,505.44
thrives,24.32,38.46,0.25,50.6,9.73,10.72,2.34,12.93,8.69,227.39,49.73,295.61
thrives,19.68,35.14,1.51,47.72,7.24,3.36,1.41,19.57,5.57,189.67,43.36,494.55
struggles,9.27,24.2,3.96,27.11,5.79,8.48,2.78,18.67,1.89,192.88,32.84,429.65
thrives,7.74,23.65,4.79,25.81,4.23,12.44,0.91,26.43,6.58,309.36,50.29,524.9
struggles,8.57,25.13,4.88,18.8,4.58,12.44,2.06,21.4,5.23,299.34,47.78,457.03
struggles,15.63,30.57,3.42,33.02,5.91,15.08,4.23,20.6,0.2,107.72,47.06,360.84
struggles,14.22,28.16,1.84,29.82,8.03,5.55,1.31,17.62,4.65,232.45,46.84,698.21
thrives,13.97,27.88,1.89,30.78,6.49,9.59,0.91,21.86,7.1,234.42,47.41,408.71
thrives,17.28,33.56,2.69,33.64,7.44,8.57,1.51,21.97,7.34,231.58,46.0,368.38
struggles,14.34,28.57,2.83,39.03,5.06,9.09,2.34,17.02,3.62,340.83,41.04,327.92
struggles,11.59,28.52,3.92,32.44,6.02,11.15,2.25,20.57,1.07,208.52,37.7,477.7
thrives,20.87,35.72,0.91,54.88,10.13,5.42,1.42,26.08,4.46,417.69,47.33,321.04
thrives,18.91,36.48,1.72,42.87,9.1,5.7,0.45,14.92,3.81,243.89,42.32,609.66
struggles,14.94,31.22,2.91,37.93,7.76,9.89,0.46,30.02,7.47,218.17,60.05,580.03
struggles,12.74,31.38,2.23,34.66,5.61,11.25,3.41,21.44,5.72,220.23,36.52,186.38
struggles,4.24,21.2,5.17,19.61,4.74,9.03,2.92,13.68,2.53,324.81,62.2,601.91
struggles,13.3,28.3,3.67,32.88,7.43,8.01,1.09,26.33,8.58,248.11,48.33,449.78
thrives,16.02,29.75,2.11,30.7,8.24,7.2,1.11,24.6,2.56,198.23,49.6,560.1
struggles,8.32,24.17,5.35,27.77,3.4,13.87,1.53,18.46,4.59,263.15,46.01,408.28
thrives,13.45,29.75,3.83,31.77,6.39,7.76,2.27,22.07,4.23,240.03,38.7,771.66
struggles,15.13,30.05,1.8,39.23,9.38,4.57,1.43,23.02,1.7,311.76,48.26,495.73
thrives,17.04,33.76,1.79,49.27,10.22,10.34,1.69,25.58,4.58,248.94,45.23,411.22
struggles,7.37,25.3,2.45,26.09,5.36,11.77,0.29,18.97,9.51,256.2,43.35,334.03
struggles,13.23,28.69,0.85,31.57,8.5,7.05,2.92,22.86,7.45,263.14,50.29,388.26
thrives,17.26,32.8,2.16,38.34,8.58,9.06,0.6,15.33,6.55,176.71,55.5,605.99
struggles,12.78,31.55,2.76,44.23,7.37,10.65,1.87,20.04,2.45,311.83,47.07,644.79
thrives,11.6,27.65,2.49,28.21,4.44,8.22,3.43,16.61,10.02,221.74,44.34,318.08
thrives,22.17,37.42,0.09,50.22,8.33,7.32,2.29,31.02,9.36,248.12,45.87,392.01
struggles,5.79,24.98,4.58,13.48,2.45,12.58,2.16,18.72,6.47,346.89,45.87,229.44
thrives,17.67,32.3,0.35,45.95,7.59,12.04,0.1,16.63,9.16,260.35,50.45,302.77
thrives,17.98,33.56,1.68,42.99,8.01,7.41,2.02,26.87,0.2,301.91,44.86,321.98
thrives,17.88,32.74,1.55,37.39,6.3,3.77,1.93,15.01,4.85,319.52,37.36,396.04
thrives,10.56,28.17,3.18,27.12,6.9,12.04,1.13,17.71,9.04,333.2,40.68,380.96
thrives,14.14,28.1,3.08,40.25,6.28,11.25,2.91,18.76,2.58,152.11,42.27,700.89
thrives,17.78,31.08,1.74,36.47,7.56,12.66,2.52,20.59,3.01,257.89,44.27,419.39
thrives,15.54,30.94,1.07,36.11,7.0,6.96,1.71,18.99,3.05,162.45,54.41,297.14
struggles,11.94,26.19,2.7,41.01,7.63,13.55,1.18,19.52,4.17,176.02,31.69,131.85
thrives,16.07,34.57,1.59,31.95,8.76,5.59,2.59,22.01,4.71,322.58,51.45,330.89
struggles,11.02,27.1,3.76,22.92,4.54,10.91,3.48,23.51,5.92,195.95,50.63,679.78
thrives,16.59,33.08,1.93,38.84,7.91,7.45,1.64,25.33,7.8,387.81,52.26,446.85
struggles,12.4,28.22,3.16,26.06,3.13,9.37,4.18,17.29,5.47,342.41,46.12,398.04
thrives,17.5,32.38,1.22,38.32,6.59,3.2,1.26,18.27,6.5,194.4,39.08,447.47
thrives,17.16,30.03,2.01,36.33,5.41,7.98,2.48,20.58,4.92,274.62,50.15,716.16
thrives,17.8,34.5,1.06,41.83,6.23,12.33,1.51,24.5,5.27,258.57,40.3,370.32
thrives,22.55,37.78,1.76,53.53,8.57,8.83,0.88,12.18,2.45,216.87,35.05,572.32
struggles,7.81,25.54,4.77,24.43,5.51,5.35,2.94,22.0,3.72,320.59,43.27,723.11
struggles,5.54,22.74,6.02,19.75,1.93,12.11,1.97,23.36,0.2,202.43,52.22,289.74
struggles,11.91,30.14,3.56,29.42,7.02,6.79,2.4,24.15,7.09,231.46,51.33,629.01
thrives,11.09,26.62,2.76,33.65,4.65,10.57,2.64,14.86,3.97,176.17,53.33,476.33
struggles,12.83,28.0,2.11,35.42,4.12,10.74,3.68,11.6,3.43,244.36,40.21,646.45
thrives,15.56,32.37,1.94,37.88,8.23,3.46,2.0,19.29,2.38,388.31,48.83,532.16
thrives,17.92,35.53,1.9,39.41,7.06,8.33,2.06,20.77,7.1,226.91,48.25,436.67
struggles,10.58,26.72,1.78,29.26,4.26,8.48,2.68,22.63,4.13,323.71,37.61,447.64
struggles,9.64,26.13,3.87,22.82,3.8,9.92,3.28,24.65,3.15,259.12,39.65,264.07
struggles,16.57,33.28,2.64,34.41,5.76,6.61,2.06,13.14,4.8,201.26,34.04,181.83
thrives,11.46,27.33,2.23,30.0,5.74,10.1,0.79,20.53,7.48,383.93,40.88,237.05
thrives,14.86,32.52,2.07,37.79,8.2,7.78,2.03,24.68,7.76,202.72,41.87,381.0
thrives,21.76,36.5,1.12,39.46,10.22,8.97,0.83,28.84,2.38,281.81,39.73,316.81
struggles,15.75,30.95,2.5,28.41,6.66,8.24,2.26,31.51,6.36,332.59,34.34,281.94
thrives,21.29,36.43,1.67,36.08,7.39,10.86,0.4,22.43,4.89,375.49,53.95,413.07
thrives,18.41,34.97,0.39,50.25,7.56,12.27,0.53,15.14,5.64,201.23,39.62,420.47
struggles,8.83,24.01,5.18,28.62,4.7,12.14,0.79,23.69,1.63,365.33,40.92,405.91
thrives,9.82,27.12,3.52,14.68,4.95,11.98,1.95,20.39,6.49,89.4,46.7,392.48
thrives,12.11,28.93,3.34,33.78,5.11,10.57,2.68,25.99,6.7,399.84,45.92,673.46
thrives,20.24,37.57,0.0,46.66,8.15,7.06,0.84,26.85,5.63,408.77,51.45,387.3
thrives,17.08,30.25,1.58,32.49,6.98,9.35,0.89,18.8,5.72,284.14,51.15,224.55
thrives,17.39,31.71,2.05,36.66,4.74,8.94,1.43,28.47,6.2,211.74,52.45,421.55
thrives,20.62,36.67,0.48,46.6,8.02,6.27,2.02,24.7,8.35,113.34,49.54,497.03
struggles,8.37,26.16,3.97,19.76,3.54,11.49,1.61,16.77,3.97,227.38,43.99,487.02
thrives,15.19,31.21,3.03,25.95,7.64,11.26,2.73,24.33,6.94,213.58,38.32,539.35
thrives,15.81,31.14,0.05,48.97,8.35,5.32,1.21,21.82,4.35,375.35,40.57,559.75
struggles,17.08,31.69,3.54,35.85,6.54,8.93,1.94,31.04,6.69,124.05,37.51,355.5
thrives,16.67,31.61,1.42,38.49,7.54,8.29,2.54,17.54,2.42,278.6,49.8,303.36
struggles,10.98,27.65,2.61,25.38,6.63,9.05,1.79,20.0,4.47,194.25,58.81,387.49
struggles,8.65,24.3,3.35,19.13,3.72,11.5,3.8,18.69,6.17,193.14,40.78,453.83
struggles,7.04,25.36,5.31,18.81,4.54,12.57,2.6,25.12,2.11,222.12,51.66,398.79
struggles,10.68,27.0,3.1,31.5,5.98,7.94,2.08,15.54,3.79,162.29,48.39,357.49
struggles,8.93,25.95,4.46,21.93,4.36,7.91,0.34,18.34,3.83,230.44,55.87,571.4
thrives,14.79,30.61,2.44,25.0,6.09,8.08,1.22,13.97,8.09,155.76,50.34,291.62
thrives,24.03,39.68,0.0,43.81,11.0,6.14,1.83,26.0,3.06,197.92,55.22,459.22
struggles,10.86,28.86,2.72,23.14,5.44,10.6,2.24,18.87,4.81,324.97,49.71,313.43
thrives,20.96,35.97,0.0,45.58,9.88,5.12,1.58,4.0,3.93,181.37,51.15,244.13
struggles,9.24,26.2,3.77,26.29,4.22,6.36,1.63,29.43,4.81,295.65,54.65,683.26
struggles,8.63,24.45,4.44,23.59,4.24,9.11,2.44,22.88,1.74,262.64,34.95,389.7
thrives,16.92,30.74,2.44,31.61,7.64,7.42,1.68,16.44,10.82,305.53,42.38,233.24
thrives,21.54,36.66,0.58,58.03,9.64,8.98,0.1,21.89,7.04,333.52,42.29,262.5
thrives,14.53,29.18,1.52,40.9,8.18,9.3,1.54,20.37,8.44,262.59,46.4,412.57
thrives,17.87,33.34,0.78,51.95,8.09,4.54,1.86,24.94,5.82,200.67,47.7,323.3
thrives,15.03,31.52,1.7,32.41,5.1,8.85,0.99,21.68,5.23,230.13,53.53,354.07
struggles,9.61,26.03,3.28,28.25,3.52,7.4,3.09,15.86,3.03,368.15,47.39,354.56
thrives,17.29,31.54,2.76,38.78,9.13,7.91,1.47,17.21,8.58,244.33,43.58,433.4
struggles,9.46,25.81,5.99,16.52,3.9,10.07,1.51,26.65,5.6,316.66,32.9,490.77
struggles,13.47,28.53,3.12,30.12,4.9,6.84,1.46,19.57,5.34,347.95,45.9,544.63
thrives,24.25,37.63,1.8,57.69,10.09,6.5,2.22,23.42,0.46,151.5,62.6,532.95
struggles,14.75,30.35,2.66,33.31,5.21,10.06,1.9,23.11,3.31,139.03,47.8,335.1
thrives,13.27,30.12,3.22,28.5,7.4,10.01,2.89,25.63,5.41,270.34,36.11,179.06
thrives,12.78,28.94,2.45,31.81,5.68,12.13,1.09,28.07,3.92,234.12,51.13,402.56
thrives,20.49,34.08,0.24,50.72,9.22,8.23,1.9,32.47,8.63,347.63,52.03,697.31
thrives,28.62,44.06,0.42,65.26,11.79,7.85,2.21,22.85,2.36,366.04,36.71,392.76
thrives,17.57,33.61,2.43,35.99,6.17,9.97,1.1,26.72,7.21,246.84,43.69,453.6
thrives,16.99,34.84,3.47,41.59,7.37,7.04,2.55,5.4,6.0,204.73,37.04,487.58
thrives,17.82,31.64,1.99,35.5,6.05,8.98,2.33,17.02,0.2,252.95,66.08,375.7
thrives,12.98,28.3,2.28,29.44,5.59,12.99,0.83,28.2,2.96,205.31,33.1,280.92
struggles,8.7,24.42,3.02,29.93,6.2,4.23,2.07,16.73,8.13,212.05,50.19,271.34
thrives,19.92,31.86,3.28,42.41,6.23,5.85,1.35,26.41,7.26,448.66,49.22,351.3
thrives,15.69,30.12,1.65,43.87,8.21,9.01,1.97,47.46,3.31,346.49,54.11,430.15
thrives,14.8,31.41,3.38,31.89,2.65,12.96,1.56,20.47,4.52,198.84,37.69,467.39
thrives,23.43,39.11,1.55,55.3,9.8,10.98,2.36,11.58,0.31,382.31,46.5,486.47
struggles,10.7,27.84,3.96,26.78,3.72,8.8,2.44,21.96,0.75,264.67,41.8,407.47
thrives,9.65,27.4,4.37,19.57,3.81,10.57,1.65,19.49,4.81,421.44,55.6,518.82
thrives,20.91,35.9,0.75,38.77,7.42,8.93,0.51,31.64,4.1,351.08,40.06,611.2
thrives,20.6,34.5,0.11,49.82,8.68,10.86,2.67,24.81,4.87,303.94,39.36,489.92
thrives,17.88,33.48,2.23,54.05,7.43,7.37,0.47,17.65,6.18,311.66,38.82,516.37
thrives,15.24,31.26,1.92,39.42,7.88,14.04,2.15,14.16,3.82,439.84,36.08,475.32
thrives,13.39,29.62,2.6,34.4,6.7,5.49,1.41,34.73,7.87,240.96,43.97,310.92
struggles,11.18,27.49,2.38,28.48,6.3,9.36,1.82,31.05,6.55,289.57,52.67,500.67
thrives,15.39,30.0,1.52,40.45,6.8,6.55,1.65,21.08,5.91,232.89,48.74,108.78
thrives,12.17,28.14,2.18,44.62,4.14,8.57,0.95,22.95,3.42,175.27,46.11,436.78
struggles,14.2,31.55,3.42,35.35,6.13,10.92,3.2,31.1,0.54,389.26,65.03,589.78
thrives,17.73,30.48,2.61,32.18,5.45,8.33,0.16,24.01,3.68,218.08,34.82,337.88
thrives,21.72,36.16,0.56,52.51,11.41,5.14,0.1,19.67,6.62,247.79,47.51,324.66
struggles,8.68,24.76,2.96,38.75,5.8,6.86,2.5,21.83,6.23,238.12,39.05,482.82
struggles,8.0,23.94,5.06,23.78,5.19,8.88,2.16,20.19,7.51,235.54,40.83,712.91
thrives,14.7,28.53,1.14,24.63,7.54,10.5,1.39,20.41,9.28,204.48,49.75,536.49
struggles,14.59,29.43,1.81,36.37,6.74,9.54,1.17,36.34,4.7,269.03,50.14,573.79
struggles,14.08,29.76,1.2,39.04,6.58,9.67,1.11,25.5,3.69,171.71,51.05,425.35
thrives,12.81,28.04,3.61,36.18,6.36,11.15,1.11,27.21,4.17,203.69,45.81,364.41
thrives,18.3,32.8,0.39,48.27,7.45,7.71,1.82,24.02,5.91,311.56,46.06,447.38
thrives,26.49,40.23,0.0,61.92,9.65,6.0,1.72,12.18,0.98,261.33,54.21,444.98
thrives,15.57,30.04,2.11,40.92,5.95,5.96,0.11,19.66,3.97,297.5,33.68,253.63
thrives,18.98,34.71,2.46,34.1,6.38,8.49,1.12,21.5,8.61,172.22,52.4,437.05
thrives,12.76,29.25,2.26,34.84,8.57,11.67,2.18,31.11,1.74,295.81,31.6,360.89
struggles,16.34,31.3,1.74,32.81,7.51,8.07,1.02,20.13,4.41,254.82,51.53,623.93
thrives,13.28,29.56,2.48,28.95,5.63,9.93,0.88,13.53,2.35,349.85,54.37,320.17
thrives,18.86,33.86,1.36,29.74,6.12,6.68,2.84,18.75,5.63,361.26,55.35,326.76
thrives,16.48,33.32,0.54,33.98,7.43,9.14,2.1,22.08,5.66,315.99,49.33,276.02
struggles,7.62,23.32,3.51,35.43,4.99,10.96,0.86,21.75,4.65,93.39,42.78,510.55
thrives,10.81,25.44,3.33,20.18,5.29,8.21,2.5,16.26,1.7,157.12,40.57,404.0
struggles,13.15,29.43,2.75,32.08,4.75,6.36,2.24,39.18,6.78,294.94,41.31,673.88
thrives,16.59,32.12,2.92,34.71,6.88,11.93,3.11,13.8,4.58,281.3,37.37,797.06
thrives,12.99,29.9,1.4,35.65,6.6,10.94,1.07,22.63,3.58,207.52,48.98,368.9
thrives,24.97,40.25,0.0,46.43,8.79,6.73,1.62,15.03,4.44,348.43,50.79,485.86
thrives,20.06,36.97,0.37,42.5,7.75,9.07,1.82,32.4,0.2,173.38,39.96,331.44
struggles,7.84,25.5,4.61,19.11,5.64,6.32,1.41,18.87,9.37,385.2,47.11,412.12
thrives,18.52,35.51,1.21,46.4,9.55,8.23,2.13,18.91,5.21,308.04,50.69,459.05
thrives,19.5,35.7,0.0,53.4,9.86,7.78,0.27,28.66,6.1,196.03,41.46,273.34
struggles,9.24,25.76,4.51,24.01,6.23,14.64,1.63,22.63,6.85,45.77,34.5,376.88
thrives,14.09,30.03,2.82,40.55,8.14,9.71,1.99,25.31,1.06,126.35,43.22,102.04
thrives,16.22,30.78,2.15,44.04,6.37,10.98,1.71,15.99,2.79,312.04,44.48,398.34
struggles,12.85,28.55,2.31,29.23,7.95,6.29,2.09,20.89,6.05,300.68,58.54,289.73
thrives,14.07,28.45,2.06,45.85,5.83,8.85,2.15,25.03,7.28,420.55,52.13,525.45
thrives,19.34,33.43,1.6,45.59,9.06,9.49,0.15,27.11,4.99,392.38,54.73,362.6
thrives,16.27,29.72,1.6,43.3,7.97,7.59,1.0,14.85,0.69,125.64,36.23,487.28
thrives,10.36,26.65,4.24,25.81,5.15,11.67,2.23,17.49,7.03,192.93,45.2,577.22
thrives,12.04,27.12,1.95,45.39,6.33,9.95,2.56,23.91,8.07,274.45,43.65,796.87
thrives,14.25,28.0,2.35,35.59,5.83,9.91,2.3,8.03,6.85,199.88,44.42,458.44
thrives,20.02,36.23,1.51,38.25,6.87,9.59,1.0,22.32,2.87,243.7,48.59,313.97
thrives,24.71,39.36,0.0,56.68,8.84,7.91,0.47,23.6,6.83,248.81,35.48,496.97
struggles,19.47,34.98,2.01,38.29,7.04,8.52,0.94,25.47,6.54,191.51,45.81,672.03
thrives,15.08,28.41,2.89,33.72,5.02,9.25,1.32,19.09,2.32,316.16,48.34,426.48
thrives,15.88,30.86,1.2,40.81,7.69,10.48,2.62,15.34,5.16,234.1,54.51,367.92
thrives,17.25,31.73,2.04,47.13,8.21,7.89,2.47,25.84,4.06,242.77,40.91,485.41
thrives,15.87,31.35,2.12,45.33,6.28,7.84,1.95,25.5,5.6,48.96,43.46,406.63
thrives,17.5,32.27,0.0,48.2,7.39,7.76,1.11,13.26,6.62,367.56,43.83,327.75
thrives,18.41,35.58,0.68,45.18,8.26,6.19,0.1,20.6,5.65,65.53,46.14,448.13
struggles,14.03,29.0,4.22,37.76,7.99,11.62,3.08,23.67,9.28,304.67,47.39,444.93
struggles,9.03,24.98,4.65,24.61,5.88,8.82,2.59,18.57,6.75,245.14,43.81,308.54
thrives,20.12,35.21,1.15,53.05,9.69,4.4,1.94,21.36,2.45,250.34,53.4,462.28
thrives,15.69,28.83,1.85,42.07,7.82,8.17,1.32,14.8,3.9,560.71,52.35,347.04
struggles,13.32,28.97,2.79,40.31,6.37,9.4,1.5,12.53,6.08,258.12,42.49,539.12
thrives,21.64,34.89,0.66,45.26,8.28,6.31,2.04,24.38,6.23,183.44,44.04,290.03
thrives,19.33,33.76,1.38,41.74,6.01,5.35,0.7,30.31,1.77,206.38,42.3,393.47
struggles,17.34,33.12,1.27,44.2,6.23,8.53,0.1,14.22,3.14,135.02,41.86,417.49
thrives,17.38,31.1,2.87,36.18,9.15,9.14,2.37,23.87,9.5,255.04,62.09,196.71
struggles,15.71,31.51,2.14,35.39,7.3,9.32,0.27,16.88,3.01,214.96,41.24,314.63
struggles,12.34,28.01,4.47,35.79,6.39,9.4,2.5,28.09,7.24,342.48,46.69,306.73
thrives,15.83,33.53,2.99,44.29,6.67,7.6,0.79,4.0,4.49,292.71,48.95,374.75
struggles,8.5,23.97,5.5,15.62,3.38,13.02,2.34,22.19,4.31,141.71,46.15,459.69
thrives,17.09,30.21,1.07,34.83,7.57,10.87,2.61,24.01,7.54,255.22,52.17,606.71
thrives,17.31,34.25,0.0,40.63,5.99,8.68,3.13,16.1,6.54,367.44,50.31,460.71
thrives,14.98,30.59,1.22,36.26,6.7,11.64,0.58,24.1,4.43,281.5,49.55,471.21
thrives,24.05,40.3,1.18,55.35,9.06,6.47,0.53,15.86,4.2,282.46,52.21,429.96
thrives,14.82,28.06,1.5,36.4,6.82,11.49,3.37,19.29,6.1,442.47,52.73,434.8
thrives,13.39,28.3,1.57,42.79,7.67,12.59,1.86,29.03,2.43,213.29,44.88,411.06
thrives,18.55,33.19,0.63,47.97,9.7,3.47,1.45,26.16,7.74,285.69,55.86,227.62
thrives,16.83,31.87,0.84,47.8,7.83,8.88,1.4,21.86,4.37,387.3,36.32,277.34
struggles,10.83,29.27,3.68,32.38,3.15,7.52,1.13,15.05,6.4,426.67,51.16,299.43
thrives,18.88,31.96,3.1,39.8,7.69,9.44,0.1,24.38,3.53,234.15,37.63,442.83
struggles,11.26,28.97,4.74,28.81,5.89,13.36,2.73,22.18,3.13,324.32,41.33,340.86
thrives,15.86,31.21,2.11,38.17,7.68,11.8,2.39,24.89,2.68,133.71,55.23,315.58
struggles,19.37,33.21,3.31,40.88,9.15,3.59,2.44,30.13,4.42,165.68,40.63,338.94
thrives,14.43,32.11,3.11,41.6,7.74,8.09,3.08,15.2,5.24,177.67,52.52,201.34
thrives,12.83,29.49,1.35,40.48,5.27,7.07,1.94,23.69,4.86,282.91,47.45,283.39
struggles,12.12,26.72,3.06,23.67,4.17,10.58,2.64,13.94,5.83,315.34,34.31,430.19
thrives,18.11,34.64,0.67,58.69,7.66,9.17,1.41,21.57,5.9,448.75,57.22,277.3
struggles,14.3,30.44,2.12,33.79,5.01,12.3,2.45,23.95,4.1,252.93,49.49,564.47
struggles,10.67,27.47,3.18,28.96,6.28,11.01,2.83,18.91,4.89,224.85,30.43,530.74
struggles,7.62,22.95,4.55,18.61,4.84,7.35,2.29,22.81,4.69,386.04,51.82,626.71
struggles,7.56,25.23,2.91,33.34,5.51,9.03,1.48,27.42,5.6,200.56,43.54,499.41
thrives,18.67,33.09,3.01,39.0,7.61,7.72,1.82,23.89,7.2,375.37,38.67,453.3
struggles,9.86,25.49,1.86,30.72,7.46,9.48,1.33,21.9,6.57,324.34,36.62,436.01
thrives,12.98,28.73,2.9,36.18,7.01,11.1,2.33,29.17,8.43,202.73,43.07,429.91
thrives,19.62,36.75,0.73,54.8,8.61,6.27,1.16,38.77,6.71,181.95,58.8,436.48
thrives,18.4,34.63,0.42,41.69,8.67,6.2,0.83,30.55,0.82,386.59,49.2,376.25
thrives,15.95,29.91,2.03,39.68,8.69,6.11,0.85,22.92,6.86,368.42,38.34,207.22
thrives,15.07,30.69,1.85,30.04,6.07,10.54,3.06,21.31,5.38,301.03,55.01,284.92
thrives,18.06,34.06,1.3,30.63,7.04,9.94,0.15,21.65,4.81,116.33,42.73,390.28
thrives,12.6,29.29,1.78,35.99,6.29,11.83,2.84,17.13,6.19,337.64,39.72,306.96
struggles,9.19,26.41,5.03,24.66,6.31,11.63,2.36,25.4,4.27,386.87,41.62,349.45
thrives,20.87,33.91,0.64,50.91,7.58,6.34,1.52,17.47,2.87,20.0,49.48,387.51
struggles,14.2,29.28,0.85,25.88,5.44,9.26,1.73,13.9,4.46,20.0,43.7,509.9
thrives,13.84,30.41,2.04,33.09,6.17,10.44,2.84,15.42,7.31,215.31,48.2,508.42
struggles,11.19,26.91,1.84,29.19,5.62,7.64,1.59,19.95,3.3,319.5,36.48,605.25
struggles,14.49,30.48,2.93,23.54,7.17,7.28,3.65,32.85,0.35,322.98,38.1,311.68
struggles,12.09,26.54,3.02,24.38,4.23,10.55,1.53,26.05,4.21,320.92,44.45,696.11
struggles,19.95,33.47,2.16,38.59,6.74,9.41,1.41,24.59,7.61,117.05,50.26,390.43
thrives,15.31,31.25,2.66,34.21,6.66,9.77,2.93,14.76,4.9,210.66,42.93,458.18
thrives,13.97,28.43,2.62,30.02,6.82,9.52,0.25,19.7,6.83,236.85,39.27,450.4
thrives,10.01,27.48,2.5,31.52,5.64,8.77,1.24,21.94,1.23,273.32,55.31,328.87
struggles,14.5,29.66,2.31,38.0,6.21,11.48,1.22,22.79,0.68,299.68,42.88,591.12
struggles,8.71,25.69,3.84,25.55,4.61,12.69,2.13,23.29,5.85,153.13,38.43,608.79
struggles,18.76,33.77,2.2,29.5,8.23,7.4,2.27,26.34,1.82,316.8,40.88,323.47
struggles,9.2,26.59,2.97,29.69,3.84,9.01,2.17,13.14,7.97,166.1,55.16,462.73
thrives,20.18,33.98,0.13,55.1,9.44,4.29,2.02,22.74,6.85,388.63,47.27,475.1
thrives,17.97,35.25,4.39,39.41,7.85,8.5,2.5,24.13,8.01,215.47,31.54,493.76
struggles,10.89,28.73,3.31,34.52,5.95,8.41,3.05,18.8,7.7,365.77,52.13,367.85
thrives,19.73,37.08,1.08,48.44,7.8,10.86,1.42,17.44,3.3,199.9,42.54,382.3
struggles,12.15,29.11,3.5,32.87,5.24,6.84,3.18,23.64,7.12,201.75,46.91,464.27
thrives,14.87,34.29,2.15,30.73,8.12,11.14,2.5,33.16,3.83,150.56,35.35,353.78
thrives,17.92,31.85,1.83,41.94,9.02,8.54,0.1,21.7,6.79,215.22,51.63,224.48
thrives,20.51,38.55,0.55,37.4,8.0,11.7,2.33,32.76,4.58,233.47,40.09,583.33
thrives,17.63,32.17,2.27,38.86,5.01,4.59,3.35,21.99,7.78,206.68,42.75,127.07
thrives,18.75,33.92,1.16,40.15,6.17,8.63,2.24,16.32,4.18,143.14,33.32,201.27
struggles,9.44,25.5,2.28,28.19,5.18,7.5,3.18,14.25,5.29,294.63,45.8,479.75
thrives,13.46,28.29,2.02,33.09,6.61,6.38,1.91,17.81,5.91,227.84,47.89,349.85
struggles,10.54,25.25,4.1,27.06,5.06,12.25,2.5,21.14,6.55,291.91,33.51,331.75
thrives,20.14,32.92,2.34,50.34,7.94,10.31,1.45,16.65,4.82,272.82,45.12,496.56
thrives,22.77,37.71,0.61,53.99,9.05,8.96,0.52,7.16,3.3,295.96,43.03,444.89
struggles,9.05,25.44,4.57,26.4,5.91,10.25,2.58,22.65,3.5,268.76,51.27,348.55
thrives,10.07,28.72,2.11,31.5,4.43,9.01,4.13,28.95,2.23,152.68,43.48,395.45
struggles,8.96,26.04,4.44,24.97,3.24,9.2,2.06,11.65,6.63,149.66,53.92,625.51
struggles,14.41,29.06,3.08,27.06,7.93,7.22,3.36,17.28,2.94,76.5,52.42,509.08
thrives,19.11,32.61,1.05,46.04,5.61,6.41,3.74,30.19,8.89,367.21,51.1,172.92
thrives,14.48,31.0,1.66,52.96,6.96,7.91,1.3,24.87,4.3,128.9,42.74,387.3
thrives,13.72,32.93,1.91,30.84,7.21,11.57,1.6,11.64,2.08,330.48,36.2,523.32
struggles,9.01,24.71,3.07,23.89,6.65,11.38,1.5,16.59,4.02,336.49,42.64,357.17
thrives,14.22,28.95,2.64,33.96,5.38,10.0,0.98,20.22,3.04,242.19,49.44,319.32
struggles,9.79,24.84,3.17,26.65,4.91,11.34,3.83,35.25,1.33,355.85,48.87,491.3
thrives,12.18,30.82,3.85,28.83,5.04,10.2,1.45,18.13,4.94,204.35,43.08,360.31
thrives,16.63,31.38,1.32,47.46,9.01,4.74,1.83,32.27,2.26,162.83,41.3,506.19
thrives,9.09,27.3,3.18,32.28,5.3,6.42,0.55,24.96,5.57,193.8,43.69,465.67
struggles,7.29,22.9,4.33,22.41,4.59,10.67,0.78,19.32,0.48,121.5,59.68,478.09
thrives,17.52,31.81,1.9,37.07,6.49,5.0,2.13,18.61,5.3,325.7,53.86,549.77
thrives,14.26,29.58,1.61,35.78,6.66,6.66,1.15,15.55,3.9,152.89,45.38,607.01
thrives,15.82,33.23,2.37,36.97,6.89,12.62,3.12,24.16,5.91,274.81,50.47,612.37
struggles,4.93,20.09,4.41,24.55,4.96,13.87,1.73,27.17,3.84,354.85,46.86,316.87
struggles,9.88,26.65,2.6,22.36,5.64,9.65,2.55,16.44,3.49,421.89,44.39,139.27
thrives,18.14,33.97,2.84,36.75,9.03,9.28,1.16,22.18,7.12,95.59,45.37,424.67
thrives,17.54,32.69,2.67,35.12,7.55,9.0,2.89,16.57,8.87,155.36,51.83,432.28
thrives,17.59,33.68,1.18,38.16,8.14,8.32,0.55,18.69,8.29,395.94,46.25,336.97
thrives,19.73,33.83,0.74,51.14,10.07,8.34,0.8,16.96,7.31,416.26,54.95,634.93
struggles,5.79,24.67,3.77,18.61,1.43,10.61,3.05,29.34,7.95,387.48,46.27,349.32
thrives,19.95,35.73,0.17,45.4,9.2,10.45,0.6,17.66,4.59,278.21,33.71,432.48
